{"embedTypes":["iframe"],"language":"en","title":"Interactive Video","license":"U","licenseExtras":"Created by Joanna Siemek. Licensed under Creative Commons&nbsp;Attribution 3.0 Unported (CC BY 3.0). Link:&nbsp;https://vimeo.com/68264542\n","defaultLanguage":"en","extraTitle":"Interactive Video","mainLibrary":"H5P.InteractiveVideo","preloadedDependencies":[{"machineName":"H5P.Summary","majorVersion":1,"minorVersion":10},{"machineName":"FontAwesome","majorVersion":4,"minorVersion":5},{"machineName":"H5P.JoubelUI","majorVersion":1,"minorVersion":3},{"machineName":"H5P.Transition","majorVersion":1,"minorVersion":0},{"machineName":"H5P.FontIcons","majorVersion":1,"minorVersion":0},{"machineName":"H5P.Question","majorVersion":1,"minorVersion":5},{"machineName":"H5P.Text","majorVersion":1,"minorVersion":1},{"machineName":"H5P.MultiChoice","majorVersion":1,"minorVersion":16},{"machineName":"H5P.Image","majorVersion":1,"minorVersion":1},{"machineName":"H5P.Blanks","majorVersion":1,"minorVersion":14},{"machineName":"H5P.TextUtilities","majorVersion":1,"minorVersion":3},{"machineName":"H5P.DragQuestion","majorVersion":1,"minorVersion":14},{"machineName":"jQuery.ui","majorVersion":1,"minorVersion":10},{"machineName":"H5P.AdvancedText","majorVersion":1,"minorVersion":1},{"machineName":"H5P.MarkTheWords","majorVersion":1,"minorVersion":11},{"machineName":"H5P.Video","majorVersion":1,"minorVersion":6},{"machineName":"H5P.DragNBar","majorVersion":1,"minorVersion":5},{"machineName":"H5P.DragNDrop","majorVersion":1,"minorVersion":1},{"machineName":"H5P.DragNResize","majorVersion":1,"minorVersion":2},{"machineName":"H5P.InteractiveVideo","majorVersion":1,"minorVersion":26}]}
