{"title":"Multiple Choice","contentType":"Question","majorVersion":1,"minorVersion":16,"patchVersion":6,"runnable":1,"embedTypes":["iframe"],"machineName":"H5P.MultiChoice","author":"Joubel","license":"MIT","coreApi":{"majorVersion":1,"minorVersion":19},"preloadedJs":[{"path":"js/multichoice.js"}],"preloadedCss":[{"path":"css/multichoice.css"}],"preloadedDependencies":[{"machineName":"FontAwesome","majorVersion":4,"minorVersion":5},{"machineName":"H5P.JoubelUI","majorVersion":1,"minorVersion":3},{"machineName":"H5P.Question","majorVersion":1,"minorVersion":5}],"editorDependencies":[{"machineName":"H5PEditor.RangeList","majorVersion":1,"minorVersion":0},{"machineName":"H5PEditor.ShowWhen","majorVersion":1,"minorVersion":0}]}
