{"title":"Mark the Words","description":"Test your users by making them select the correct words from a text.","majorVersion":1,"minorVersion":11,"patchVersion":3,"coreApi":{"majorVersion":1,"minorVersion":19},"runnable":1,"embedTypes":["iframe"],"author":"Joubel","license":"MIT","machineName":"H5P.MarkTheWords","preloadedCss":[{"path":"styles/mark-the-words.css"}],"preloadedJs":[{"path":"scripts/keyboard-nav.js"},{"path":"scripts/xAPI-generator.js"},{"path":"scripts/word.js"},{"path":"scripts/mark-the-words.js"}],"preloadedDependencies":[{"machineName":"FontAwesome","majorVersion":4,"minorVersion":5},{"machineName":"H5P.JoubelUI","majorVersion":1,"minorVersion":3},{"machineName":"H5P.Question","majorVersion":1,"minorVersion":5}],"editorDependencies":[{"machineName":"H5PEditor.RangeList","majorVersion":1,"minorVersion":0},{"machineName":"H5PEditor.ShowWhen","majorVersion":1,"minorVersion":0}]}
