{"title":"Image Choice","description":"Create an Image Choice","majorVersion":0,"minorVersion":3,"patchVersion":11,"runnable":1,"author":"Joubel AS","license":"MIT","machineName":"H5P.MultiMediaChoice","embedTypes":["iframe"],"preloadedJs":[{"path":"dist/h5p-multi-media-choice.js"}],"preloadedCss":[{"path":"dist/h5p-multi-media-choice.css"}],"preloadedDependencies":[{"machineName":"H5P.Question","majorVersion":1,"minorVersion":5},{"machineName":"H5P.JoubelUI","majorVersion":1,"minorVersion":3},{"machineName":"H5P.Image","majorVersion":1,"minorVersion":1},{"machineName":"H5P.MaterialDesignIcons","majorVersion":1,"minorVersion":0}],"editorDependencies":[{"machineName":"H5PEditor.RangeList","majorVersion":1,"minorVersion":0},{"machineName":"H5PEditor.ShowWhen","majorVersion":1,"minorVersion":0}]}
