{"machineName":"H5P.GoToQuestion","title":"Crossroads","license":"MIT","author":"Joubel","majorVersion":1,"minorVersion":3,"patchVersion":15,"runnable":0,"metadataSettings":{"disable":1,"disableExtraTitleField":1},"coreApi":{"majorVersion":1,"minorVersion":6},"preloadedJs":[{"path":"scripts/go-to-question.js"}],"preloadedCss":[{"path":"styles/go-to-question.css"}],"preloadedDependencies":[{"machineName":"H5P.JoubelUI","majorVersion":1,"minorVersion":3}],"editorDependencies":[{"machineName":"H5PEditor.Timecode","majorVersion":1,"minorVersion":2}]}
