{"title":"Interactive Video Editor","license":"MIT","majorVersion":1,"minorVersion":25,"patchVersion":4,"runnable":0,"machineName":"H5PEditor.InteractiveVideo","author":"Joubel","coreApi":{"majorVersion":1,"minorVersion":24},"preloadedJs":[{"path":"Scripts/image-radio-button-group.js"},{"path":"Scripts/interactive-video-editor.js"},{"path":"Scripts/guided-tours.js"},{"path":"Scripts/require-completion.js"}],"preloadedCss":[{"path":"styles/image-radio-button-group.css"},{"path":"styles/interactive-video-editor.css"},{"path":"styles/require-completion.css"}],"preloadedDependencies":[{"machineName":"FontAwesome","majorVersion":4,"minorVersion":5},{"machineName":"H5P.DragNBar","majorVersion":1,"minorVersion":5},{"machineName":"H5P.Image","majorVersion":1,"minorVersion":1},{"machineName":"H5P.Audio","majorVersion":1,"minorVersion":5},{"machineName":"H5P.Text","majorVersion":1,"minorVersion":1},{"machineName":"H5P.Table","majorVersion":1,"minorVersion":1},{"machineName":"H5P.Link","majorVersion":1,"minorVersion":3},{"machineName":"H5P.SingleChoiceSet","majorVersion":1,"minorVersion":11},{"machineName":"H5P.MultiChoice","majorVersion":1,"minorVersion":16},{"machineName":"H5P.TrueFalse","majorVersion":1,"minorVersion":8},{"machineName":"H5P.Summary","majorVersion":1,"minorVersion":10},{"machineName":"H5PEditor.Duration","majorVersion":1,"minorVersion":1},{"machineName":"H5PEditor.Timecode","majorVersion":1,"minorVersion":2},{"machineName":"H5PEditor.SelectToggleFields","majorVersion":1,"minorVersion":1},{"machineName":"H5PEditor.ColorSelector","majorVersion":1,"minorVersion":3},{"machineName":"H5P.Blanks","majorVersion":1,"minorVersion":14},{"machineName":"H5P.Nil","majorVersion":1,"minorVersion":0},{"machineName":"H5P.DragQuestion","majorVersion":1,"minorVersion":14},{"machineName":"H5P.MarkTheWords","majorVersion":1,"minorVersion":11},{"machineName":"H5P.DragText","majorVersion":1,"minorVersion":10},{"machineName":"H5P.GuidedTour","majorVersion":1,"minorVersion":0},{"machineName":"H5P.GoToQuestion","majorVersion":1,"minorVersion":3},{"machineName":"H5P.IVHotspot","majorVersion":1,"minorVersion":2},{"machineName":"H5P.Questionnaire","majorVersion":1,"minorVersion":3},{"machineName":"H5P.FontIcons","majorVersion":1,"minorVersion":0},{"machineName":"H5P.FreeTextQuestion","majorVersion":1,"minorVersion":0},{"machineName":"H5P.MultiMediaChoice","majorVersion":0,"minorVersion":3}]}
